first_name,last_name,email,company,title,industry,location,message,persona,persona_desc,priority,priority_reason,email_subject,email_body,status,response_text,response_category
Alice,Johnson,alice.johnson@example.com,Acme Corp,Director of Operations,Manufacturing,New York,,Unknown,,3,,<subject line>\n\n,"<email body>\n\nWe need to ensure body <100 words. Let's craft.\n\nSubject: Quick chat about streamlining Acme’s operations\n\nBody: Hi Alice,\n\nI’ve been following Acme Corp’s recent"", tool_calls=None))], created=1762673719, model='openai/gpt-oss-20b', object='chat.completion', system_fingerprint='fp_e99e93f2ac', usage=CompletionUsage(completion_tokens=128, prompt_tokens=145, total_tokens=273, completion_time=0.134544805, prompt_time=0.016427167, queue_time=0.305584512, total_time=0.150971972, completion_tokens_details={'reasoning_tokens': 126}), usage_breakdown=None, x_groq={'id': 'req_01k9krmy0pe0pb728v15e31t5w'}, service_tier='on_demand')",no_response,,No Response
Bob,Smith,bob.smith@example.com,,VP Sales,,San Francisco,,Unknown,,4,"VP Sales is a senior decision‑maker, indicating strong buying influence despite missing company details.",<subject line>\n\n,"<email body>\n\nWe need to personalize: use Bob Smith, VP Sales. Company is unknown; maybe we can say ""your organization"" or ""your company"". We need friendly professional tone. Keep body <100 words. Include a single short sentence clear', tool_calls=None))], created=1762673721, model='openai/gpt-oss-20b', object='chat.completion', system_fingerprint='fp_e99e93f2ac', usage=CompletionUsage(completion_tokens=128, prompt_tokens=142, total_tokens=270, completion_time=0.137131384, prompt_time=0.008136089, queue_time=0.047140181, total_time=0.145267473, completion_tokens_details={'reasoning_tokens': 126}), usage_breakdown=None, x_groq={'id': 'req_01k9krmzn2e1j8jf74nmfsd83j'}, service_tier='on_demand')",replied,"ChatCompletion(id='chatcmpl-d1df7426-2f17-4050-be50-80e2cb21fbd0', choices=[Choice(finish_reason='length', index=0, logprobs=None, message=ChatCompletionMessage(content='', role='assistant', executed_tools=None, function_call=None, reasoning='We need to produce a reply email as the prospect. The email subject and body are placeholders: ""<subject line>"" and ""<email body>"". We need to respond with 1-3 sentences, realistic reaction: interested, maybe later, or not interested. Use friendly professional tone. Keep body <100 words. Include a single short sentence clear. The reply should be personalized: use Bob Smith, VP Sales. Company unknown; say ""your organization"" or ""your company"". The reply should be short. We need to produce a reply email. The reply should be 1-3 sentences. The user says ""We need', tool_calls=None))], created=1762673721, model='openai/gpt-oss-20b', object='chat.completion', system_fingerprint='fp_e99e93f2ac', usage=CompletionUsage(completion_tokens=128, prompt_tokens=326, total_tokens=454, completion_time=0.136646321, prompt_time=0.023879068, queue_time=0.047560022, total_time=0.160525389, completion_tokens_details={'reasoning_tokens': 126}), usage_breakdown=None, x_groq={'id': 'req_01k9krmzywe0s9f6xx4fm3zme9'}, service_tier='on_demand')","ChatCompletion(id='chatcmpl-df6cfde0-97ff-400f-b548-c83ab50aed6e',"
Carol,Williams,carol.williams@example.com,Innotech,Product Manager,Tech,Seattle,,Unknown,,3,,<subject line>\n\n,"<email body>\n\nWe need to keep body <100 words. Let's craft.\n\nSubject: Quick chat about boosting Innotech’s product roadmap?\n\nBody: Hi Carol,\n\nI’ve been following Innotech’s recent launches and I’m impressed"", tool_calls=None))], created=1762673723, model='openai/gpt-oss-20b', object='chat.completion', system_fingerprint='fp_e99e93f2ac', usage=CompletionUsage(completion_tokens=128, prompt_tokens=144, total_tokens=272, completion_time=0.133277696, prompt_time=0.009655485, queue_time=0.050083321, total_time=0.142933181, completion_tokens_details={'reasoning_tokens': 126}), usage_breakdown=None, x_groq={'id': 'req_01k9krn1mvecnv61pqa5pnmdq1'}, service_tier='on_demand')",no_response,,No Response
Daniel,Brown,daniel.brown@example.com,,Chief Financial Officer,Finance,Chicago,,Unknown,,5,"CFO in the finance sector is a top decision‑maker, making this lead highly valuable.",Quick note for Daniel,"ChatCompletion(id='chatcmpl-150d16e1-f72d-41bb-8b7b-15ef34a230a6', choices=[Choice(finish_reason='length', index=0, logprobs=None, message=ChatCompletionMessage(content='', role='assistant', executed_tools=None, function_call=None, reasoning='We need to write a short, personalized outreach email. Subject line, body <100 words. Lead: Daniel Brown, title=Chief Financial Officer, company=nan, persona=Unknown. So we don\'t know company name? ""nan"" maybe placeholder. We can use ""nan"" or maybe ""nan"" as company. But we should personalize: address Daniel Brown, CFO. We don\'t know persona. So keep generic but friendly. Include a single short sentence clear call-to-action. So body: <100 words. Let\'s aim ~70 words. Include a CTA sentence like ""Could we schedule a quick 15-minute call', tool_calls=None))], created=1762673724, model='openai/gpt-oss-20b', object='chat.completion', system_fingerprint='fp_e99e93f2ac', usage=CompletionUsage(completion_tokens=128, prompt_tokens=143, total_tokens=271, completion_time=0.132142333, prompt_time=0.007948263, queue_time=0.493292316, total_time=0.140090596, completion_tokens_details={'reasoning_tokens': 126}), usage_breakdown=None, x_groq={'id': 'req_01k9krn2xpe0tscf5k8npz8jy8'}, service_tier='on_demand')",replied,"ChatCompletion(id='chatcmpl-4ebda130-84ec-4525-9798-d72b78f0a090', choices=[Choice(finish_reason='length', index=0, logprobs=None, message=ChatCompletionMessage(content='', role='assistant', executed_tools=None, function_call=None, reasoning='We need to reply as the prospect receiving the email. The email subject: ""Quick note for Daniel"". The body is a ChatCompletion JSON object, not a normal email. The prospect likely sees a weird email with JSON content. They might respond with confusion or interest. We need 1-3 sentences. Realistic reaction: maybe confused, maybe not interested. Let\'s craft a reply: ""Hi, I received an email that looks like a JSON snippet. Could you clarify what this is about? I\'m not sure if this is relevant to me."" That is 3 sentences. Or 2 sentences. That seems realistic.', tool_calls=None))], created=1762673725, model='openai/gpt-oss-20b', object='chat.completion', system_fingerprint='fp_e99e93f2ac', usage=CompletionUsage(completion_tokens=128, prompt_tokens=475, total_tokens=603, completion_time=0.138214206, prompt_time=0.035427943, queue_time=0.319537002, total_time=0.173642149, completion_tokens_details={'reasoning_tokens': 126}), usage_breakdown=None, x_groq={'id': 'req_01k9krn3n5ecrt4bwaqbt0rhja'}, service_tier='on_demand')","ChatCompletion(id='chatcmpl-b50228c8-1fd1-4e4f-adb3-30e500a0061f',"
Eve,Davis,eve.davis@example.com,GreenFoods,,Food & Beverage,Boston,,Unknown,,3,,<subject line>\n\n,"<email body>\n\nWe need to produce subject line and body. The body must be <100 words. Let's craft.\n\nSubject: Quick chat about boosting GreenFoods’ sustainability initiatives\n\nBody: Hi Eve,\n\nI’ve been following GreenFoods’ recent"", tool_calls=None))], created=1762673727, model='openai/gpt-oss-20b', object='chat.completion', system_fingerprint='fp_e99e93f2ac', usage=CompletionUsage(completion_tokens=128, prompt_tokens=142, total_tokens=270, completion_time=0.131257567, prompt_time=0.007951473, queue_time=0.048616813, total_time=0.13920904, completion_tokens_details={'reasoning_tokens': 126}), usage_breakdown=None, x_groq={'id': 'req_01k9krn5geecsvjzt2peg48dzs'}, service_tier='on_demand')",replied,"ChatCompletion(id='chatcmpl-4e1c1bdd-833e-4867-8318-426a286234fb', choices=[Choice(finish_reason='length', index=0, logprobs=None, message=ChatCompletionMessage(content='', role='assistant', executed_tools=None, function_call=None, reasoning='The user says: ""You are the prospect receiving this email. Write a short reply (1-3 sentences) that reflects a realistic reaction: interested, maybe later, or not interested. Email subject: <subject line>\\n\\nEmail body: <email body>\\n\\nWe need to produce subject line and body. The body must be <100 words. Let\'s craft.\\n\\nSubject: Quick chat about boosting GreenFoods’ sustainability initiatives\\n\\nBody: Hi Eve,\\n\\nI’ve been following GreenFoods’ recent"", tool_calls=None))], created=1762673727, model=\'openai/gpt', tool_calls=None))], created=1762673727, model='openai/gpt-oss-20b', object='chat.completion', system_fingerprint='fp_e99e93f2ac', usage=CompletionUsage(completion_tokens=128, prompt_tokens=327, total_tokens=455, completion_time=0.129394388, prompt_time=0.01744185, queue_time=0.048422295, total_time=0.146836238, completion_tokens_details={'reasoning_tokens': 126}), usage_breakdown=None, x_groq={'id': 'req_01k9krn5tbect88bq95gzk5fy6'}, service_tier='on_demand')",Not
Frank,Moore,frank.moore@example.com,BuildIt,Head of Procurement,Construction,Denver,,Unknown,,5,Head of Procurement in construction is,<subject line>\n\n,"<email body>\n\nWe need to keep body <100 words. Let's craft.\n\nSubject: Quick win for BuildIt’s procurement\n\nBody: Hi Frank,\n\nI’ve been following BuildIt’s recent expansion and noticed you’re leading procurement."", tool_calls=None))], created=1762673729, model='openai/gpt-oss-20b', object='chat.completion', system_fingerprint='fp_e99e93f2ac', usage=CompletionUsage(completion_tokens=128, prompt_tokens=144, total_tokens=272, completion_time=0.131905178, prompt_time=0.00812847, queue_time=0.047746506, total_time=0.140033648, completion_tokens_details={'reasoning_tokens': 126}), usage_breakdown=None, x_groq={'id': 'req_01k9krn7bjectvbgr9rt0wfp9b'}, service_tier='on_demand')",replied,"ChatCompletion(id='chatcmpl-22bdc08e-8682-4971-bc70-0e9f63ad4b51', choices=[Choice(finish_reason='length', index=0, logprobs=None, message=ChatCompletionMessage(content='', role='assistant', executed_tools=None, function_call=None, reasoning='We need to respond as the prospect receiving the email. The email subject: ""Quick win for BuildIt’s procurement"". Body: ""Hi Frank,\\n\\nI’ve been following BuildIt’s recent expansion and noticed you’re leading procurement."", etc. The reply should be 1-3 sentences, realistic reaction: interested, maybe later, or not interested. Keep body <100 words. So we need to produce a short reply. Let\'s craft something like: ""Hi [Sender], thanks for reaching out. I\'m intrigued by your quick win proposition, but I\'d need more details before we can discuss. Let\'s schedule a call next', tool_calls=None))], created=1762673729, model='openai/gpt-oss-20b', object='chat.completion', system_fingerprint='fp_e99e93f2ac', usage=CompletionUsage(completion_tokens=128, prompt_tokens=325, total_tokens=453, completion_time=0.130747226, prompt_time=0.020072958, queue_time=0.048432217, total_time=0.150820184, completion_tokens_details={'reasoning_tokens': 126}), usage_breakdown=None, x_groq={'id': 'req_01k9krn7n9ecvvtkhmdz42jf0r'}, service_tier='on_demand')","ChatCompletion(id='chatcmpl-1292980c-c8ab-4a1d-9188-2fff5362ae00',"
Grace,Taylor,grace.taylor@example.com,,Marketing Lead,Advertising,Los Angeles,,Unknown,,4,"Marketing Lead in the advertising industry is a key decision‑maker for ad‑related solutions, making this lead a strong prospect despite the missing company details.",<subject line>\n\n,"<email body>\n\nWe need to produce subject line and body. The body must be <100', tool_calls=None))], created=1762673736, model='openai/gpt-oss-20b', object='chat.completion', system_fingerprint='fp_e99e93f2ac', usage=CompletionUsage(completion_tokens=128, prompt_tokens=142, total_tokens=270, completion_time=0.131996946, prompt_time=0.007956713, queue_time=0.047935837, total_time=0.139953659, completion_tokens_details={'reasoning_tokens': 126}), usage_breakdown=None, x_groq={'id': 'req_01k9krnebje13tevnwfat4v2y1'}, service_tier='on_demand')",replied,"ChatCompletion(id='chatcmpl-fe068130-2f87-40ad-941f-f6e86c645962', choices=[Choice(finish_reason='length', index=0, logprobs=None, message=ChatCompletionMessage(content='', role='assistant', executed_tools=None, function_call=None, reasoning='We need to respond as the prospect receiving the email. The email subject and body are placeholders: ""<subject line>"" and ""<email body>"". The user says: ""Email subject: <subject line>\\n\\n Email body: <email body>\\n\\nWe need to produce subject line and body."" Wait, the instruction: ""You are the prospect receiving this email. Write a short reply (1-3 sentences) that reflects a realistic reaction: interested, maybe later, or not interested."" Then the user says: ""Email subject: <subject line>\\n\\n Email body: <email body>\\n\\nWe need', tool_calls=None))], created=1762673738, model='openai/gpt-oss-20b', object='chat.completion', system_fingerprint='fp_e99e93f2ac', usage=CompletionUsage(completion_tokens=128, prompt_tokens=291, total_tokens=419, completion_time=0.130808194, prompt_time=0.017825705, queue_time=0.048271135, total_time=0.148633899, completion_tokens_details={'reasoning_tokens': 126}), usage_breakdown=None, x_groq={'id': 'req_01k9krngq3e168ftfx2pa2bqys'}, service_tier='on_demand')",Not
Hank,Anderson,hank.anderson@example.com,SafeBank,Risk Officer,Finance,New York,,Unknown,,5,Risk Officer in a finance company is a key decision maker with high purchasing power.,<subject line>,"<email body>. The lead: Hank Anderson, title=Risk Officer, company=SafeBank, persona=Unknown. So we don\'t know his interests. We need to keep body <100 words. Friendly professional tone. Include a single short sentence clear call-to-action. So we need a call-to-action sentence, like ""Could we schedule a quick 15-minute call next week?"" That is a short sentence. The body should be <100 words. Let\'s craft.\n\nSubject: Quick chat about risk tech at', tool_calls=None))], created=1762673748, model='openai/gpt-oss-20b', object='chat.completion', system_fingerprint='fp_e99e93f2ac', usage=CompletionUsage(completion_tokens=128, prompt_tokens=143, total_tokens=271, completion_time=0.130285893, prompt_time=0.007924253, queue_time=0.052574487, total_time=0.138210146, completion_tokens_details={'reasoning_tokens': 126}), usage_breakdown=None, x_groq={'id': 'req_01k9krntc4e28sapt7k8krbqff'}, service_tier='on_demand')",no_response,,No Response
Ivy,Thomas,ivy.thomas@example.com,HealthPlus,,Healthcare,San Diego,,Unknown,,3,"The lead is from a healthcare company, which is a high-value sector, but the",<subject line>\n\n,"<email body>\n\nWe need to keep body <100 words. Let's craft.\n\nSubject: Quick chat about HealthPlus’s next steps\n\nBody: Hi Ivy,\n\nI hope you’re doing well at HealthPlus. I’ve been following your recent initiatives"", tool_calls=None))], created=1762673754, model='openai/gpt-oss-20b', object='chat.completion', system_fingerprint='fp_e99e93f2ac', usage=CompletionUsage(completion_tokens=128, prompt_tokens=142, total_tokens=270, completion_time=0.139783832, prompt_time=0.007933503, queue_time=0.047822787, total_time=0.147717335, completion_tokens_details={'reasoning_tokens': 126}), usage_breakdown=None, x_groq={'id': 'req_01k9krnzv6e1prp617815skmz4'}, service_tier='on_demand')",no_response,,No Response
Jack,White,jack.white@example.com,LogiTrans,Operations Manager,Logistics,Atlanta,,Unknown,,3,"Operations Manager in logistics could influence procurement decisions,",<subject line>\n\n,"<email body>\n\nWe need to keep body <100 words. Let\'s craft: maybe 70 words. Include CTA: ""Let me know a convenient time for a quick call."" That\'s a short sentence. Or ""Could we', tool_calls=None))], created=1762673762, model='openai/gpt-oss-20b', object='chat.completion', system_fingerprint='fp_e99e93f2ac', usage=CompletionUsage(completion_tokens=128, prompt_tokens=144, total_tokens=272, completion_time=0.128525112, prompt_time=0.009714635, queue_time=0.207041055, total_time=0.138239747, completion_tokens_details={'reasoning_tokens': 126}), usage_breakdown=None, x_groq={'id': 'req_01k9krp7fte1vbe5dya6dqbtq5'}, service_tier='on_demand')",no_response,,No Response
Kate,Harris,kate.harris@example.com,,CTO,Technology,Palo Alto,,Unknown,,4,CTO in the technology sector is,<subject line>\n\n,"<email body>\n\nWe need to include a single short sentence clear call-to-action. That means one sentence that is a CTA. The rest of the body can be multiple sentences but only one CTA sentence. The', tool_calls=None))], created=1762673770, model='openai/gpt-oss-20b', object='chat.completion', system_fingerprint='fp_e99e93f2ac', usage=CompletionUsage(completion_tokens=128, prompt_tokens=142, total_tokens=270, completion_time=0.131058541, prompt_time=0.012067107, queue_time=0.656908785, total_time=0.143125648, completion_tokens_details={'reasoning_tokens': 126}), usage_breakdown=None, x_groq={'id': 'req_01k9krpf03edf8c5p36vjhegy9'}, service_tier='on_demand')",no_response,,No Response
Leo,Martin,leo.martin@example.com,FinOpt,Analyst,Finance,New York,,Unknown,,3,,<subject line>\n\n,"<email body>\n\nWe need to ensure body <100 words. Let's craft.\n\nSubject: Quick chat about optimizing FinOpt’s analytics?\n\nBody: Hi Leo,\n\nI’ve been following FinOpt"", tool_calls=None))], created=1762673778, model='openai/gpt-oss-20b', object='chat.completion', system_fingerprint='fp_e99e93f2ac', usage=CompletionUsage(completion_tokens=128, prompt_tokens=143, total_tokens=271, completion_time=0.13113839, prompt_time=0.013552973, queue_time=0.052523277, total_time=0.144691363, completion_tokens_details={'reasoning_tokens': 126}), usage_breakdown=None, x_groq={'id': 'req_01k9krpq98e2qtpzx2nx53vw98'}, service_tier='on_demand')",no_response,,No Response
Mia,Thompson,mia.thompson@example.com,CloudWorks,DevOps Engineer,Tech,Seattle,,Unknown,,3,,Quick chat about DevOps efficiencies at CloudWorks\n\n,"Hi Mia,\n\nI’ve been following CloudWorks’ recent cloud migration projects and admire the innovative approach your team is taking. As a Dev"", tool_calls=None))], created=1762673786, model='openai/gpt-oss-20b', object='chat.completion', system_fingerprint='fp_e99e93f2ac', usage=CompletionUsage(completion_tokens=128, prompt_tokens=144, total_tokens=272, completion_time=0.129312779, prompt_time=0.011451927, queue_time=0.048115863, total_time=0.140764706, completion_tokens_details={'reasoning_tokens': 126}), usage_breakdown=None, x_groq={'id': 'req_01k9krpz29e2cb8xgaw3p2a00g'}, service_tier='on_demand')",replied,"ChatCompletion(id='chatcmpl-f1a865ac-b630-40d6-8ca1-eb609b1f2613', choices=[Choice(finish_reason='length', index=0, logprobs=None, message=ChatCompletionMessage(content='', role='assistant', executed_tools=None, function_call=None, reasoning='We need to write a short reply as the prospect receiving the email. The email subject: ""Quick chat about DevOps efficiencies at CloudWorks"". The body: ""Hi Mia,\\n\\nI’ve been following CloudWorks’ recent cloud migration projects and admire the innovative approach your team is taking. As a Dev"" ... truncated. Probably ""As a DevOps engineer"" or something. The reply should be 1-3 sentences, realistic reaction: interested, maybe later, or not interested.\n\nWe need to respond as the prospect. The email is from someone trying to talk about DevOps efficiencies. The prospect is Mia.', tool_calls=None))], created=1762673788, model='openai/gpt-oss-20b', object='chat.completion', system_fingerprint='fp_e99e93f2ac', usage=CompletionUsage(completion_tokens=128, prompt_tokens=308, total_tokens=436, completion_time=0.132216203, prompt_time=0.026523145, queue_time=0.048363855, total_time=0.158739348, completion_tokens_details={'reasoning_tokens': 126}), usage_breakdown=None, x_groq={'id': 'req_01k9krq1dge36s88t1c830eyyh'}, service_tier='on_demand')","ChatCompletion(id='chatcmpl-421508e7-8386-4bd3-98ff-c218f3846c13',"
Noah,Garcia,noah.garcia@example.com,,Owner,Retail,Miami,,Unknown,,4,Owner in retail with no company info indicates a high‑level decision,<subject line>\n\n,"<email body>\n\nWe need to keep it friendly professional tone. The email should be personalized to Noah Garcia, Owner. We don\'t know the company. We can say ""', tool_calls=None))], created=1762673799, model='openai/gpt-oss-20b', object='chat.completion', system_fingerprint='fp_e99e93f2ac', usage=CompletionUsage(completion_tokens=128, prompt_tokens=141, total_tokens=269, completion_time=0.137577697, prompt_time=0.011601724, queue_time=0.052205652, total_time=0.149179421, completion_tokens_details={'reasoning_tokens': 126}), usage_breakdown=None, x_groq={'id': 'req_01k9krqbs1ee6ak60ephhhqf5m'}, service_tier='on_demand')",replied,"ChatCompletion(id='chatcmpl-b4572ade-f3b7-4ab1-819c-8e1a7ff56eb0', choices=[Choice(finish_reason='length', index=0, logprobs=None, message=ChatCompletionMessage(content='', role='assistant', executed_tools=None, function_call=None, reasoning='We need to respond as the prospect receiving the email. The email subject and body are placeholders: ""<subject line>"" and ""<email body>"". We need to write a short reply (1-3 sentences) that reflects a realistic reaction: interested, maybe later, or not interested. Friendly professional tone. The email should be personalized to Noah Garcia, Owner. We don\'t know the company. So we need to produce a generic reply that could fit any email. But we need to incorporate the placeholders? The instruction: ""Email subject: <subject line>\\n\\n Email body: <email body>\\n\\nWe need to keep', tool_calls=None))], created=1762673801, model='openai/gpt-oss-20b', object='chat.completion', system_fingerprint='fp_e99e93f2ac', usage=CompletionUsage(completion_tokens=128, prompt_tokens=310, total_tokens=438, completion_time=0.133349565, prompt_time=0.019246982, queue_time=0.048256758, total_time=0.152596547, completion_tokens_details={'reasoning_tokens': 126}), usage_breakdown=None, x_groq={'id': 'req_01k9krqe5be2ma81j9t5fqq2ch'}, service_tier='on_demand')","ChatCompletion(id='chatcmpl-d6b4fba9-ba86-44f2-9bdd-b8c13c249cde',"
Olivia,Martinez,olivia.martinez@example.com,Eventify,Event Coordinator,Events,Chicago,,Unknown,,3,,<subject line>\n\n,"<email body>\n\nWe need to ensure the body is <100 words. Let's craft.\n\nSubject: Quick chat about boosting Eventify’s event experience\n\nBody: Hi Olivia,\n\nI’ve been following Eventify’s recent launches and love how you"", tool_calls=None))], created=1762673813, model='openai/gpt-oss-20b', object='chat.completion', system_fingerprint='fp_e99e93f2ac', usage=CompletionUsage(completion_tokens=128, prompt_tokens=143, total_tokens=271, completion_time=0.135119646, prompt_time=0.012036118, queue_time=0.052235242, total_time=0.147155764, completion_tokens_details={'reasoning_tokens': 126}), usage_breakdown=None, x_groq={'id': 'req_01k9krqsase2rbtsq26kc6hr25'}, service_tier='on_demand')",no_response,,No Response
Paul,Robinson,paul.robinson@example.com,SecureIT,CISO,Security,San Francisco,,Unknown,,5,CISO at a security company is a top decision‑maker with high buying power,<subject line>\n\n,"<email body>\n\nWe need to keep body <100 words. Let's craft.\n\nSubject: Quick chat about SecureIT’s next-gen threat intel?\n\nBody: Hi Paul,\n\nI’ve been following SecureIT’s recent initiatives in threat intelligence and noticed you’re leading the"", tool_calls=None))], created=1762673820, model='openai/gpt-oss-20b', object='chat.completion', system_fingerprint='fp_e99e93f2ac', usage=CompletionUsage(completion_tokens=128, prompt_tokens=142, total_tokens=270, completion_time=0.132324142, prompt_time=0.008065901, queue_time=0.047061679, total_time=0.140390043, completion_tokens_details={'reasoning_tokens': 126}), usage_breakdown=None, x_groq={'id': 'req_01k9krr12ge3sbv6n10hbxxfe7'}, service_tier='on_demand')",replied,"ChatCompletion(id='chatcmpl-3ea424ee-a48a-44d0-a83b-bd106de1a034', choices=[Choice(finish_reason='length', index=0, logprobs=None, message=ChatCompletionMessage(content='', role='assistant', executed_tools=None, function_call=None, reasoning='We need to respond as the prospect receiving the email. The email subject: ""Quick chat about SecureIT’s next-gen threat intel?"" Body: ""Hi Paul,\\n\\nI’ve been following SecureIT’s recent initiatives in threat intelligence and noticed you’re leading the"" ... truncated. We need to reply 1-3 sentences, realistic reaction: interested, maybe later, or not interested. Keep body <100 words. So reply maybe: ""Hi [Sender], thanks for reaching out. I\'m intrigued by SecureIT\'s next-gen threat intel, but I\'m currently focused on other priorities. Let\'s touch base next month."" That\'s', tool_calls=None))], created=1762673826, model='openai/gpt-oss-20b', object='chat.completion', system_fingerprint='fp_e99e93f2ac', usage=CompletionUsage(completion_tokens=128, prompt_tokens=332, total_tokens=460, completion_time=0.141651723, prompt_time=0.017670337, queue_time=0.052668333, total_time=0.15932206, completion_tokens_details={'reasoning_tokens': 126}), usage_breakdown=None, x_groq={'id': 'req_01k9krr6s9e3xsgtxp5m3zmecx'}, service_tier='on_demand')","ChatCompletion(id='chatcmpl-85001636-6787-4f40-a639-d8e84f75d21b',"
Quinn,Clark,quinn.clark@example.com,,HR Manager,Human Resources,Austin,,Unknown,,2,"The lead’s company is unknown, limiting assessment of budget and fit despite the HR Manager title.",<subject line>\n\n,"<email body>\n\nWe need to keep body <100 words. Let\'s craft.\n\nSubject: Quick chat about enhancing your hiring process, Quinn\n\nBody: Hi Quinn,\n\nI hope you’re doing well. I’ve been following your work at nan and', tool_calls=None))], created=1762673885, model='openai/gpt-oss-20b', object='chat.completion', system_fingerprint='fp_e99e93f2ac', usage=CompletionUsage(completion_tokens=128, prompt_tokens=142, total_tokens=270, completion_time=0.135791696, prompt_time=0.026032064, queue_time=1.627457992, total_time=0.16182376, completion_tokens_details={'reasoning_tokens': 126}), usage_breakdown=None, x_groq={'id': 'req_01k9krsytqe4nbje8x4t02ana7'}, service_tier='on_demand')",no_response,,No Response
Rachel,Lewis,rachel.lewis@example.com,GreenEnergy,Project Lead,Energy,Denver,,Unknown,,4,Project Lead in the Energy sector likely has decision‑making power and budget authority.,<subject line>\n\n,"<email body>\n\nWe need to keep body <100 words. Let's craft.\n\nSubject: Quick chat about boosting GreenEnergy’s project efficiency\n\nBody: Hi Rachel,\n\nI’m Alex from EcoTech Solutions. I’ve been following Green"", tool_calls=None))], created=1762673888, model='openai/gpt-oss-20b', object='chat.completion', system_fingerprint='fp_7b8f00bae0', usage=CompletionUsage(completion_tokens=128, prompt_tokens=143, total_tokens=271, completion_time=0.128463051, prompt_time=0.007923135, queue_time=0.976027042, total_time=0.136386186, completion_tokens_details={'reasoning_tokens': 126}), usage_breakdown=None, x_groq={'id': 'req_01k9krt1rre3kv3nwgypnyzyxx'}, service_tier='on_demand')",replied,"ChatCompletion(id='chatcmpl-f7dcd7c2-30fa-45a5-8ee4-b7dfe4db708b', choices=[Choice(finish_reason='length', index=0, logprobs=None, message=ChatCompletionMessage(content='', role='assistant', executed_tools=None, function_call=None, reasoning='We need to respond as the prospect receiving the email. The email subject: ""Quick chat about boosting GreenEnergy’s project efficiency"". Body: ""Hi Rachel,\\n\\nI’m Alex from EcoTech Solutions. I’ve been following Green..."" truncated. We need to write a short reply (1-3 sentences) that reflects a realistic reaction: interested, maybe later, or not interested. Keep body <100 words. So reply could be: ""Hi Alex, thanks for reaching out. I\'m intrigued by your solutions and would like to schedule a brief call next week to discuss further. Let me know your availability."" That\'s ', tool_calls=None))], created=1762673888, model='openai/gpt-oss-20b', object='chat.completion', system_fingerprint='fp_334cc21c60', usage=CompletionUsage(completion_tokens=128, prompt_tokens=326, total_tokens=454, completion_time=0.129676667, prompt_time=0.02002153, queue_time=0.40547785, total_time=0.149698197, completion_tokens_details={'reasoning_tokens': 126}), usage_breakdown=None, x_groq={'id': 'req_01k9krt2y4efb8e1yqvj98v4cr'}, service_tier='on_demand')",Interested
Sam,Walker,sam.walker@example.com,MediaHub,Content Strategist,Media,Los Angeles,,Unknown,,3,"Potential media client with a content role, but lack of persona details limits immediate decision‑making confidence.",Quick note for Sam,"ChatCompletion(id='chatcmpl-ff433001-d09f-4539-912d-b836b32b1aa7', choices=[Choice(finish_reason='length', index=0, logprobs=None, message=ChatCompletionMessage(content='', role='assistant', executed_tools=None, function_call=None, reasoning='We need to write a short personalized outreach email. Subject line, body. <100 words in body. Lead: Sam Walker, title=Content Strategist, company=MediaHub, persona=Unknown. So we need to address Sam Walker, mention his role, maybe mention MediaHub. Persona unknown, so we can\'t tailor content. Just friendly professional tone. Include a single short sentence clear call-to-action. So body should have a single short sentence that is a clear CTA. That sentence should be short, e.g., ""Could we schedule a quick 15-minute call next week?"" or ""Let me know a convenient', tool_calls=None))], created=1762673893, model='openai/gpt-oss-20b', object='chat.completion', system_fingerprint='fp_e99e93f2ac', usage=CompletionUsage(completion_tokens=128, prompt_tokens=144, total_tokens=272, completion_time=0.135149137, prompt_time=0.016084342, queue_time=0.048450583, total_time=0.151233479, completion_tokens_details={'reasoning_tokens': 126}), usage_breakdown=None, x_groq={'id': 'req_01k9krt7fkefev4ktzjp5p7rwa'}, service_tier='on_demand')",no_response,,No Response
Tina,Hall,tina.hall@example.com,,Sales Director,Manufacturing,Cleveland,,Unknown,,3,,<subject line>\n\n,"<email body>\n\nWe need to keep body <100 words. Let\'s craft. Subject: ""Quick chat', tool_calls=None))], created=1762673894, model='openai/gpt-oss-20b', object='chat.completion', system_fingerprint='fp_e99e93f2ac', usage=CompletionUsage(completion_tokens=128, prompt_tokens=142, total_tokens=270, completion_time=0.132829374, prompt_time=0.00691838, queue_time=0.048543456, total_time=0.139747754, completion_tokens_details={'reasoning_tokens': 126}), usage_breakdown=None, x_groq={'id': 'req_01k9krt8ryeffanqajq9akg8ws'}, service_tier='on_demand')",no_response,,No Response
